model_name,optimalizer,accuracy,f1_score,valid_mean,valid_std,train_test_delta
Logistic Regression,RandomizedSearchCV,0.9921259842519685,0.9921494349288813,0.9908373763794146,0.006680801274666007,0.007852734268938844
Support Vector Machine,RandomizedSearchCV,0.9921259842519685,0.9921494349288813,0.9934351620901624,0.006682361306559217,0.00656483790983764
K-Nearest Neighbors,RandomizedSearchCV,0.9881889763779528,0.9881758535819527,0.9869157855481223,0.01018625707917347,0.013084214451877685
Random Forest,RandomizedSearchCV,0.9724409448818898,0.9724582430921,0.9776440835228607,0.003652423596590962,0.022355916477139304
AdaBoost,RandomizedSearchCV,0.9724409448818898,0.9723803073818155,0.9749090050892444,0.004920582283637603,0.025090994910755615
Gradient Boosting,RandomizedSearchCV,0.9724409448818898,0.972334147194381,0.9776459059222198,0.006563892234375874,0.022354094077780218
Gaussian Naive Bayes,RandomizedSearchCV,0.9409448818897638,0.9426105767069658,0.9126859572883669,0.027603966222462344,0.031872886190423166
