accuracy,f1_score,avg_predict_time,valid_mean,valid_std,train_test_delta
0.9921259842519685,0.9921362290324486,0.03934939076581339,0.0,0.0,0.0
0.984251968503937,0.9840685566105266,0.0668904912753368,0.0,0.0,0.0
0.9881889763779528,0.988113985751781,0.10433159475251445,0.0,0.0,0.0
