model_name,optimalizer,accuracy,f1_score,valid_mean,valid_std,train_test_delta
Support Vector Machine,RandomizedSearchCV,0.9563636363636364,0.957454817963897,0.9354845807100173,0.012760162530523112,0.01444199269744817
