model_name,optimalizer,accuracy,f1_score,valid_mean,valid_std,train_test_delta
Support Vector Machine,RandomizedSearchCV,0.9963636363636363,0.9963022372308991,0.9927117913080542,0.0051329880159806975,0.007288208691945797
Support Vector Machine,RandomizedSearchCV,0.9963636363636363,0.9963022372308991,0.9927117913080542,0.0051329880159806975,0.007288208691945797
Logistic Regression,RandomizedSearchCV,0.9927272727272727,0.99269640353657,0.9915020590038622,0.0061907525309130235,0.008497940996137765
AdaBoost,RandomizedSearchCV,0.9636363636363636,0.9626550454376541,0.9731327011527159,0.006276404305692222,0.026867298847284116
Gaussian Naive Bayes,RandomizedSearchCV,0.88,0.8828150795275603,0.9189688838542072,0.013251877332223846,0.01615359487654955
