model_name,optimalizer,accuracy,f1_score,valid_mean,valid_std,train_test_delta
Support Vector Machine,RandomizedSearchCV,0.984251968503937,0.9842483660130719,0.9882594916754709,0.005439537287744533,0.011740508324529109
