model_name,optimalizer,accuracy,f1_score,valid_mean,valid_std,train_test_delta
Support Vector Machine,RandomizedSearchCV,0.9917695473251029,0.9918065076257573,0.9944023327214287,0.002096312171811148,0.00559766727857125
Logistic Regression,RandomizedSearchCV,0.9917695473251029,0.9918065076257573,0.9917651840130239,0.0033131036015636023,0.005496979470689833
AdaBoost,RandomizedSearchCV,0.9835390946502057,0.9831908049951733,0.9727349715209764,0.0053368004373901,0.027265028479023568
Random Forest,RandomizedSearchCV,0.9794238683127572,0.9793832814766793,0.971838353803594,0.0018260621930730528,0.028161646196406043
Gaussian Naive Bayes,RandomizedSearchCV,0.9382716049382716,0.9388682131367834,0.9058745395944151,0.013238359554895194,0.03706043441737661
