model_name,optimalizer,accuracy,f1_score,valid_mean,valid_std,train_test_delta
Support Vector Machine,RandomizedSearchCV,0.9963636363636363,0.9963022372308991,0.9939393931751498,0.006181713176122331,0.006060606824850212
Logistic Regression,RandomizedSearchCV,0.9927272727272727,0.99269640353657,0.9915020590038622,0.0061907525309130235,0.008497940996137765
K-Nearest Neighbors,RandomizedSearchCV,0.9745454545454545,0.974609486166008,0.9854266644992565,0.005180809470974658,0.00485086381597899
AdaBoost,RandomizedSearchCV,0.9672727272727273,0.9667973352496692,0.9756719089688616,0.006718763177216505,0.02432809103113842
Random Forest,RandomizedSearchCV,0.96,0.9595370851370851,0.9766518353388424,0.004246849098539669,0.022739589748970834
Gaussian Naive Bayes,RandomizedSearchCV,0.8836363636363637,0.8858982942191498,0.9179159345436307,0.013420854122733472,0.016620596637189955
