model_name,optimalizer,accuracy,f1_score,avg_predict_time,valid_mean,valid_std,train_test_delta
Logistic Regression,BayesSearchCV,0.979381443298969,0.9796091826716276,0.0,0.9828593866042504,0.0027879391838463263,0.011981635586411299
