model_name,optimalizer,accuracy,f1_score,avg_predict_time,valid_mean,valid_std,train_test_delta
Logistic Regression,BayesSearchCV,0.9896907216494846,0.9897730380092972,0.003343595262245624,0.9783603712549759,0.005907749984763714,0.014199034482859862
