model_name,optimalizer,accuracy,f1_score,avg_predict_time,valid_mean,valid_std,train_test_delta
<<<<<<< HEAD
Support Vector Machine,Base model,0.711340206185567,0.7128452663213084,0.06601408994484603,0.0,0.0,0.0
=======
Logistic Regression,BayesSearchCV,0.9759450171821306,0.9758166772660214,0.0,0.9760576279778168,0.015615556242627286,0.019929763173367587
Logistic Regression,RandomizedSearchCV,0.9759450171821306,0.9758166772660214,0.0,0.9760576279778168,0.015615556242627286,0.019929763173367587
Logistic Regression,GridSearchCV,0.9759450171821306,0.9758166772660214,0.0,0.9760576279778168,0.015615556242627286,0.019929763173367587
Logistic Regression,HalvingGridSearchCV,0.9759450171821306,0.9758166772660214,0.0,0.9770926959177907,0.015996588770240957,0.018880898126987344
>>>>>>> b8841460ba50afce950263fbfe304e527b09edd1
