model_name,optimalizer,accuracy,f1_score,avg_predict_time,valid_mean,valid_std,train_test_delta
Logistic Regression,Base model,0.9759450171821306,0.9757705855855051,0.0,0.0,0.0,0.0
AdaBoost,Base model,0.8969072164948454,0.8970774419371654,0.0,0.0,0.0,0.0
Gaussian Naive Bayes,Base model,0.8865979381443299,0.8886757381602742,0.0,0.0,0.0,0.0
Gradient Boosting,Base model,0.9690721649484536,0.9685318120455698,0.03265187502726657,0.0,0.0,0.0
Random Forest,Base model,0.9725085910652921,0.97193280703049,0.03662551801229261,0.0,0.0,0.0
Support Vector Machine,Base model,0.979381443298969,0.9791460424507125,0.04437535079484133,0.0,0.0,0.0
K-Nearest Neighbors,Base model,0.979381443298969,0.9793606819671787,0.5219548018937258,0.0,0.0,0.0
