model_name,optimalizer,accuracy,f1_score,valid_mean,valid_std,train_test_delta
Support Vector Machine,RandomizedSearchCV,0.9854545454545455,0.9854840438008984,0.9744113118147603,0.0030045727932794036,0.02558868818523974
Gradient Boosting,RandomizedSearchCV,0.9818181818181818,0.9820052638230856,0.9620769365400893,0.007676744740406478,0.0379230634599107
K-Nearest Neighbors,RandomizedSearchCV,0.9818181818181818,0.9818817798341148,0.9634872138968739,0.002973050246302575,0.03651278610312614
Random Forest,RandomizedSearchCV,0.9818181818181818,0.9817896567900871,0.9595217956672205,0.010703098988121235,0.03986910964356405
Logistic Regression,RandomizedSearchCV,0.9781818181818182,0.9784727272727272,0.9688211109502851,0.00721638818878558,0.02634395680599022
AdaBoost,RandomizedSearchCV,0.9781818181818182,0.9782685886423612,0.9668552329429575,0.008251770696462152,0.0331447670570425
Gaussian Naive Bayes,RandomizedSearchCV,0.8981818181818182,0.9026643862779242,0.9208308091984119,0.0060230595121990044,0.015125489523947766
