model_name,optimalizer,accuracy,f1_score,valid_mean,valid_std,train_test_delta
Support Vector Machine,GridSearchCV,0.9642857142857143,0.964669374634105,0.9653718588875569,0.007140818363673139,0.012628706368711606
Support Vector Machine,RandomizedSearchCV,0.9642857142857143,0.964669374634105,0.9653718588875569,0.007140818363673139,0.012628706368711606
Support Vector Machine,HalvingGridSearchCV,0.9642857142857143,0.964669374634105,0.9669023198045031,0.009419459146068503,0.010945454867143933
Support Vector Machine,BayesSearchCV,0.9642857142857143,0.964669374634105,0.9662295775865939,0.008254833049900169,0.01177098766967466
