model_name,optimalizer,accuracy,f1_score,valid_mean,valid_std,train_test_delta
Logistic Regression,RandomizedSearchCV,0.9629629629629629,0.9639249639249639,0.9873829873829875,0.01784315035961169,0.012617012617012535
