model_name,optimalizer,accuracy,f1_score,valid_mean,valid_std,train_test_delta
Support Vector Machine,RandomizedSearchCV,0.9927272727272727,0.9927784855886628,0.9830620503011863,0.00850538169127331,0.015727704128284614
