model_name,optimalizer,accuracy,f1_score,valid_mean,valid_std,train_test_delta
Support Vector Machine,RandomizedSearchCV,0.9904153354632588,0.9904038224333789,0.9914780975072172,0.004029324898864713,0.00852190249278284
Logistic Regression,RandomizedSearchCV,0.9904153354632588,0.9903971928309918,0.9903989155367517,0.0069057564950549,0.009601084463248255
