model_name,optimalizer,accuracy,f1_score,valid_mean,valid_std,train_test_delta
Support Vector Machine,RandomizedSearchCV,0.9854545454545455,0.9855611913317082,0.9721022983832818,0.008778295977748634,0.02121027658514174
