model_name,optimalizer,accuracy,f1_score,avg_predict_time,valid_mean,valid_std,train_test_delta
Logistic Regression,Base model,0.9656357388316151,0.9657473940266487,0.9260177612304688,0.0,0.0,0.0
AdaBoost,Base model,0.9037800687285223,0.905059082043039,1.993417739868164,0.0,0.0,0.0
Gaussian Naive Bayes,Base model,0.8762886597938144,0.8770934205191497,2.215862274169922,0.0,0.0,0.0
Gradient Boosting,Base model,0.9621993127147767,0.962195502347159,4.502773284912109,0.0,0.0,0.0
Support Vector Machine,Base model,0.9725085910652921,0.9726059610881621,13.592243194580078,0.0,0.0,0.0
Random Forest,Base model,0.9656357388316151,0.965142135675786,16.044139862060547,0.0,0.0,0.0
K-Nearest Neighbors,Base model,0.9759450171821306,0.9758169075503309,119.22550201416016,0.0,0.0,0.0
