model_name,optimalizer,accuracy,f1_score,valid_mean,valid_std,train_test_delta
Support Vector Machine,RandomizedSearchCV,0.6290909090909091,0.6341109820110602,0.6391386646302722,0.01250646073758143,0.006847351638013199
