model_name,optimalizer,accuracy,f1_score,valid_mean,valid_std,train_test_delta
Support Vector Machine,RandomizedSearchCV,0.9854545454545455,0.9855611913317082,0.9721022983832818,0.008778295977748634,0.02121027658514174
AdaBoost,RandomizedSearchCV,0.9818181818181818,0.9820010530136029,0.964544693086335,0.011571770301657748,0.03545530691366505
K-Nearest Neighbors,RandomizedSearchCV,0.9818181818181818,0.9818817798341148,0.9634872138968739,0.002973050246302575,0.03651278610312614
Random Forest,RandomizedSearchCV,0.9818181818181818,0.9818776082344676,0.9604618332864061,0.012036797048032033,0.03892907202437845
Logistic Regression,RandomizedSearchCV,0.9781818181818182,0.9784727272727272,0.9688211109502851,0.00721638818878558,0.02634395680599022
Gaussian Naive Bayes,RandomizedSearchCV,0.8981818181818182,0.9026643862779242,0.9208308091984119,0.0060230595121990044,0.015125489523947766
