model_name,optimalizer,accuracy,f1_score,valid_mean,valid_std,train_test_delta
Support Vector Machine,RandomizedSearchCV,1.0,1.0,0.9881371694480879,0.003238900698840647,0.007257001597506196
Logistic Regression,RandomizedSearchCV,0.9881889763779528,0.9882499268567054,0.9856140756987791,0.004837953062842519,0.014385924301220876
