model_name,optimalizer,accuracy,f1_score,avg_predict_time,valid_mean,valid_std,train_test_delta
Logistic Regression,BayesSearchCV,0.9759450171821306,0.9758166772660214,0.0,0.9760576279778168,0.015615556242627286,0.019929763173367587
Logistic Regression,RandomizedSearchCV,0.9759450171821306,0.9758166772660214,0.0,0.9760576279778168,0.015615556242627286,0.019929763173367587
Logistic Regression,GridSearchCV,0.9759450171821306,0.9758166772660214,0.0,0.9760576279778168,0.015615556242627286,0.019929763173367587
Logistic Regression,HalvingGridSearchCV,0.9759450171821306,0.9758166772660214,0.0,0.9770926959177907,0.015996588770240957,0.018880898126987344
