model_name,optimalizer,accuracy,f1_score,valid_mean,valid_std,train_test_delta
Support Vector Machine,RandomizedSearchCV,1.0,1.0,0.9961921133023793,0.0053851650117551384,0.003807886697620666
Logistic Regression,RandomizedSearchCV,1.0,1.0,0.9974703934271755,0.003577403922756676,0.0025296065728245276
Support Vector Machine,RandomizedSearchCV,1.0,1.0,0.9961921133023793,0.0053851650117551384,0.003807886697620666
AdaBoost,RandomizedSearchCV,0.9809885931558935,0.9808253273936699,0.9807981418062086,0.005402785174722068,0.019201858193791388
Gaussian Naive Bayes,RandomizedSearchCV,0.9201520912547528,0.9219830345784035,0.9377407298512196,0.000865230134914119,0.011191997212811278
