model_name,optimalizer,accuracy,f1_score,valid_mean,valid_std,train_test_delta
Support Vector Machine,RandomizedSearchCV,0.9881889763779528,0.9882926698685759,0.9906975807548947,0.0019822572345803455,0.009302419245105331
Logistic Regression,RandomizedSearchCV,0.9881889763779528,0.9881663660408562,0.9907708465573162,0.00675294953372599,0.009229153442683824
