model_name,optimalizer,accuracy,f1_score,valid_mean,valid_std,train_test_delta
Support Vector Machine,RandomizedSearchCV,1.0,1.0,0.9979255113635065,0.0029337699647180963,0.00207448863649351
Logistic Regression,RandomizedSearchCV,1.0,1.0,0.9979255113635065,0.0029337699647180963,-1.0726436372454629e-05
Random Forest,RandomizedSearchCV,0.9937106918238994,0.9936453483623295,0.9894949021446151,0.005946558375477221,0.008419882782518928
AdaBoost,RandomizedSearchCV,0.9937106918238994,0.9936453483623295,0.9789428196986689,0.0030719682684643254,0.02105718030133108
Gaussian Naive Bayes,RandomizedSearchCV,0.9622641509433962,0.9646402283881675,0.9475885291218674,0.011386124852897984,0.019893403569825163
