Filtered activity,Unit: hours
GRINDING,0.18333333333333332
IDLE,0.06666666666666667
IMPA,0.022222222222222223
WELDING,0.07222222222222222
