Filtered activity,Unit: minutes
GRINDBIG,6.666666666666667
GRINDMED,13.333333333333334
GRINDSMALL,24.0
IDLE,13.333333333333334
IMPA,11.0
WELDALTIG,2.3333333333333335
WELDSTMAG,6.666666666666667
WELDSTTIG,2.0
