Activity,count
GRINDBIG,4.666666666666667
GRINDMED,12.666666666666666
GRINDSMALL,24.666666666666668
IDLE,24.0
IMPA,9.666666666666666
WELDALTIG,2.0
WELDSTMAG,0.6666666666666666
WELDSTTIG,7.333333333333333
