,Exposure level,Safe limit,Ratio [%],Status
CARCINOGEN,311.99999999999994,1000.0,31.199999999999996,😊🟢  
RESPIRATORY,415.99999999999994,750.0,55.46666666666666,😊🟢  
NEUROTOXIN,389.99999999999994,30.0,1299.9999999999998,😟🔴  
RADIATION,3119.9999999999995,120.0,2599.9999999999995,😟🔴  
NOISE,1036.0,900.0,115.11111111111111,😟🔴  
VIBRATION,3337.091999999999,400.0,834.2729999999998,😟🔴  
THERMAL,260.0,2500.0,10.4,😊🟢  
MSK,4284.599999999999,500.0,856.9199999999998,😟🔴  
