,Exposure level,Safe limit,Ratio [%],Status
CARCINOGEN,624.0,1000.0,62.4,😊🟢  
RESPIRATORY,280.0,750.0,37.333333333333336,😊🟢  
NEUROTOXIN,180.0,30.0,600.0,😟🔴  
RADIATION,7920.0,120.0,6600.0,😟🔴  
NOISE,4224.0,900.0,469.3333333333333,😟🔴  
VIBRATION,8786.447999999988,400.0,2196.611999999997,😟🔴  
THERMAL,1320.0,2500.0,52.800000000000004,😊🟢  
MSK,5906.999999999997,500.0,1181.3999999999994,😟🔴  
