Exposure level,Safe limit,Ratio [%],Status
52.42666666666666,1000.0,5.242666666666667,游땕游릭  
60.50333333333333,750.0,8.06711111111111,游땕游릭  
24.516666666666666,30.0,81.72222222222221,游땛游리  
89.12222222222222,120.0,74.2685185185185,游땕游릭  
97.12666666666668,900.0,10.791851851851854,游땕游릭  
405224.7598600001,400.0,101306.18996500003,游游댮  
35.72833333333333,2500.0,1.4291333333333334,游땕游릭  
72.1695,500.0,14.4339,游땕游릭  
