Exposure level,Safe limit,Ratio [%],Status
0.15,1000.0,0.015,游땕游릭  
0.5333333333333333,750.0,0.07111111111111111,游땕游릭  
0.17111111111111113,30.0,0.5703703703703705,游땕游릭  
4999.95,120.0,4166.625,游游댮  
2.4277777777777776,900.0,0.26975308641975304,游땕游릭  
23.995669999999997,400.0,5.998917499999999,游땕游릭  
0.6150000000000001,2500.0,0.0246,游땕游릭  
0.7606666666666664,400.0,0.1901666666666666,游땕游릭  
