Exposure level,Safe limit,Ratio [%],Status
210.3,1000.0,21.03,游땕游릭  
0.0,750.0,0.0,游땕游릭  
49.325833333333335,30.0,164.41944444444445,游游댮  
154.25,120.0,128.54166666666666,游游댮  
0.0,900.0,0.0,游땕游릭  
0.0,400.0,0.0,游땕游릭  
70.0875,2500.0,2.8035,游땕游릭  
0.0,500.0,0.0,游땕游릭  
