Exposure level,Safe limit,Ratio [%],Status
1.3288888888888888,1000.0,0.1328888888888889,游땕游릭  
0.0,750.0,0.0,游땕游릭  
0.5066666666666666,30.0,1.6888888888888887,游땕游릭  
7222.15,120.0,6018.458333333333,游游댮  
1.7627777777777776,900.0,0.19586419753086418,游땕游릭  
6.133221111111109,400.0,1.5333052777777771,游땕游릭  
1.1411111111111112,2500.0,0.045644444444444446,游땕游릭  
0.3885555555555555,400.0,0.09713888888888887,游땕游릭  
