Exposure level,Safe limit,Ratio [%],Status
0.3194444444444444,1000.0,0.03194444444444444,游땕游릭  
0.4822222222222222,750.0,0.0642962962962963,游땕游릭  
0.2944444444444444,30.0,0.9814814814814813,游땕游릭  
6666.599999999999,120.0,5555.499999999999,游游댮  
0.8466666666666667,900.0,0.09407407407407407,游땕游릭  
0.29601333333333346,400.0,0.07400333333333337,游땕游릭  
0.8733333333333333,2500.0,0.03493333333333333,游땕游릭  
0.26349999999999996,400.0,0.06587499999999999,游땕游릭  
