Exposure level,Safe limit,Ratio [%],Status
0.6766666666666666,1000.0,0.06766666666666667,游땕游릭  
0.8799999999999999,750.0,0.1173333333333333,游땕游릭  
0.5677777777777778,30.0,1.8925925925925926,游땕游릭  
7222.15,120.0,6018.458333333333,游游댮  
1.7633333333333332,900.0,0.19592592592592592,游땕游릭  
11.437669999999999,400.0,2.8594174999999997,游땕游릭  
1.3649999999999998,2500.0,0.054599999999999996,游땕游릭  
1.242888888888889,400.0,0.31072222222222223,游땕游릭  
