Exposure level,Safe limit,Ratio [%],Status
0.42222222222222217,1000.0,0.04222222222222222,游땕游릭  
0.6922222222222223,750.0,0.0922962962962963,游땕游릭  
0.2805555555555555,30.0,0.9351851851851851,游땕游릭  
6666.599999999999,120.0,5555.499999999999,游游댮  
1.106666666666667,900.0,0.122962962962963,游땕游릭  
0.7616133333333326,400.0,0.19040333333333315,游땕游릭  
1.1933333333333331,2500.0,0.04773333333333332,游땕游릭  
0.6318333333333334,400.0,0.15795833333333334,游땕游릭  
