Exposure level,Safe limit,Ratio [%],Status
0.7655555555555555,1000.0,0.07655555555555556,游땕游릭  
0.0,750.0,0.0,游땕游릭  
0.36666666666666664,30.0,1.222222222222222,游땕游릭  
7222.15,120.0,6018.458333333333,游游댮  
1.541111111111111,900.0,0.17123456790123456,游땕游릭  
1.2058877777777766,400.0,0.30147194444444414,游땕游릭  
0.7366666666666667,2500.0,0.029466666666666665,游땕游릭  
0.5474444444444443,400.0,0.13686111111111107,游땕游릭  
