Exposure level,Safe limit,Ratio [%],Status
0.9,1000.0,0.09,游땕游릭  
0.0,750.0,0.0,游땕游릭  
0.40277777777777773,30.0,1.3425925925925926,游땕游릭  
6666.6,120.0,5555.5,游游댮  
1.6783333333333332,900.0,0.18648148148148147,游땕游릭  
4.068554444444443,400.0,1.0171386111111107,游땕游릭  
0.88,2500.0,0.0352,游땕游릭  
0.17916666666666656,400.0,0.04479166666666664,游땕游릭  
