Exposure level,Safe limit,Ratio [%],Status
51.79722222222222,1000.0,5.179722222222222,游땕游릭  
49.65555555555555,750.0,6.6207407407407395,游땕游릭  
2.213888888888889,30.0,7.379629629629631,游땕游릭  
68.55555555555556,120.0,57.12962962962963,游땕游릭  
24.449999999999996,900.0,2.7166666666666663,游땕游릭  
127674.94403333336,400.0,31918.736008333344,游游댮  
4.8277777777777775,2500.0,0.19311111111111112,游땕游릭  
248.4331666666667,400.0,62.10829166666667,游땕游릭  
