Exposure level,Safe limit,Ratio [%],Status
0.21444444444444447,1000.0,0.021444444444444447,游땕游릭  
0.6055555555555556,750.0,0.08074074074074075,游땕游릭  
0.15222222222222223,30.0,0.5074074074074074,游땕游릭  
4999.95,120.0,4166.625,游游댮  
1.482222222222222,900.0,0.16469135802469134,游땕游릭  
1.7142922222222219,400.0,0.42857305555555547,游땕游릭  
0.75,2500.0,0.03,游땕游릭  
0.40288888888888885,400.0,0.10072222222222221,游땕游릭  
