Exposure level,Safe limit,Ratio [%],Status
147.06666666666666,1000.0,14.706666666666665,游땕游릭  
0.0,750.0,0.0,游땕游릭  
63.641111111111115,30.0,212.13703703703706,游游댮  
205.66666666666669,120.0,171.3888888888889,游游댮  
0.0,900.0,0.0,游땕游릭  
0.0,400.0,0.0,游땕游릭  
64.7,2500.0,2.588,游땕游릭  
0.0,500.0,0.0,游땕游릭  
