Exposure level,Safe limit,Ratio [%],Status
0.9066666666666666,1000.0,0.09066666666666666,游땕游릭  
0.0,750.0,0.0,游땕游릭  
0.44722222222222224,30.0,1.4907407407407407,游땕游릭  
6666.6,120.0,5555.5,游游댮  
1.4355555555555555,900.0,0.15950617283950616,游땕游릭  
1.8873544444444446,400.0,0.47183861111111114,游땕游릭  
1.0866666666666667,2500.0,0.04346666666666667,游땕游릭  
1.234722222222222,400.0,0.3086805555555555,游땕游릭  
