Exposure level,Safe limit,Ratio [%],Status
0.13444444444444445,1000.0,0.013444444444444445,游땕游릭  
0.8533333333333334,750.0,0.1137777777777778,游땕游릭  
0.20333333333333334,30.0,0.6777777777777777,游땕游릭  
4999.95,120.0,4166.625,游游댮  
2.1850000000000005,900.0,0.24277777777777781,游땕游릭  
10.434869999999995,400.0,2.6087174999999987,游땕游릭  
0.975,2500.0,0.039,游땕游릭  
1.1184444444444441,400.0,0.27961111111111103,游땕游릭  
