Exposure level,Safe limit,Ratio [%],Status
3.7261111111111114,1000.0,0.37261111111111117,游땕游릭  
20.355555555555554,750.0,2.714074074074074,游땕游릭  
2.392777777777778,30.0,7.975925925925926,游땕游릭  
41.13333333333333,120.0,34.27777777777778,游땕游릭  
2.3361111111111112,900.0,0.2595679012345679,游땕游릭  
814907.1804322221,400.0,203726.79510805552,游游댮  
7.96,2500.0,0.3184,游땕游릭  
100.79822222222222,400.0,25.199555555555552,游땕游릭  
