Exposure level,Safe limit,Ratio [%],Status
0.4005555555555556,1000.0,0.04005555555555556,游땕游릭  
0.776111111111111,750.0,0.10348148148148145,游땕游릭  
0.6416666666666667,30.0,2.1388888888888893,游땕游릭  
7222.15,120.0,6018.458333333333,游游댮  
1.712222222222222,900.0,0.1902469135802469,游땕游릭  
5.86349222222222,400.0,1.465873055555555,游땕游릭  
1.0255555555555556,2500.0,0.04102222222222222,游땕游릭  
0.714,400.0,0.1785,游땕游릭  
