Exposure level,Safe limit,Ratio [%],Status
0.0,1000.0,0.0,游땕游릭  
0.4933333333333333,750.0,0.06577777777777777,游땕游릭  
0.0,30.0,0.0,游땕游릭  
3888.85,120.0,3240.708333333333,游游댮  
2.018888888888889,900.0,0.22432098765432104,游땕游릭  
0.009225555555555508,400.0,0.002306388888888877,游땕游릭  
0.7116666666666667,2500.0,0.028466666666666668,游땕游릭  
0.7451111111111111,400.0,0.18627777777777776,游땕游릭  
