Exposure level,Safe limit,Ratio [%],Status
0.8533333333333334,1000.0,0.08533333333333334,游땕游릭  
0.0,750.0,0.0,游땕游릭  
0.2861111111111111,30.0,0.9537037037037036,游땕游릭  
6666.6,120.0,5555.5,游游댮  
1.9844444444444447,900.0,0.22049382716049387,游땕游릭  
1.107087777777777,400.0,0.27677194444444425,游땕游릭  
0.7,2500.0,0.027999999999999997,游땕游릭  
0.5263888888888888,400.0,0.1315972222222222,游땕游릭  
