Exposure level,Safe limit,Ratio [%],Status
0.0,1000.0,0.0,游땕游릭  
0.8444444444444444,750.0,0.11259259259259258,游땕游릭  
0.0,30.0,0.0,游땕游릭  
3888.85,120.0,3240.708333333333,游游댮  
1.6994444444444445,900.0,0.18882716049382717,游땕游릭  
17.141669999999998,400.0,4.285417499999999,游땕游릭  
0.5016666666666667,2500.0,0.020066666666666667,游땕游릭  
0.16955555555555554,400.0,0.042388888888888886,游땕游릭  
